Departement:;WC;UWC*;Our;Wien
medical-health;774.895568470759;222.745913548856;40.3516799854704;11.5438921176898
video-gaming;443.15625;189.5;44.7725;9.539375
sports;382.087411617912;160.156522944683;44.5126334396229;10.1455614862055
business-and-finance;503.488211615871;209.307648073606;42.9404830362277;11.3209890741806
news-and-politics;415.224904051173;170.74368159204;43.5938643923241;11.2038632551528
